{"cameraMode":{"drawMode":0,"name":"Shaded","section":"Shading Mode"},"sceneLighting":true,"audioPlay":false,"sceneViewState":{"m_AlwaysRefresh":false,"showFog":true,"showSkybox":true,"showFlares":true,"showImageEffects":true,"showParticleSystems":true,"showVisualEffectGraphs":true,"m_FxEnabled":true},"in2DMode":false,"pivot":{"x":0.013309597969055176,"y":0.1828371286392212,"z":-0.4999995231628418},"rotation":{"x":-0.14649422466754914,"y":0.06138429045677185,"z":-0.009108263067901135,"w":-0.9872653484344482},"size":2.9496946334838869,"orthographic":false}