{"cameraMode":{"drawMode":0,"name":"Shaded","section":"Shading Mode"},"sceneLighting":true,"audioPlay":false,"sceneViewState":{"m_AlwaysRefresh":false,"showFog":true,"showSkybox":true,"showFlares":true,"showImageEffects":true,"showParticleSystems":true,"showVisualEffectGraphs":true,"m_FxEnabled":true},"in2DMode":false,"pivot":{"x":388.8800048828125,"y":11.876194953918457,"z":359.6000061035156},"rotation":{"x":-0.004760235548019409,"y":0.9946250915527344,"z":-0.0885649025440216,"w":-0.053461842238903049},"size":0.5081263780593872,"orthographic":false}