{"cameraMode":{"drawMode":0,"name":"Shaded","section":"Shading Mode"},"sceneLighting":true,"audioPlay":false,"sceneViewState":{"m_AlwaysRefresh":false,"showFog":true,"showSkybox":true,"showFlares":true,"showImageEffects":true,"showParticleSystems":true,"showVisualEffectGraphs":true,"m_FxEnabled":true},"in2DMode":false,"pivot":{"x":388.88690185546877,"y":12.150161743164063,"z":359.5942687988281},"rotation":{"x":-0.163547083735466,"y":-0.17013996839523316,"z":0.028647877275943757,"w":-0.9713322520256043},"size":0.43698573112487795,"orthographic":false}