{"cameraMode":{"drawMode":0,"name":"Shaded","section":"Shading Mode"},"sceneLighting":true,"audioPlay":false,"sceneViewState":{"m_AlwaysRefresh":false,"showFog":true,"showSkybox":true,"showFlares":true,"showImageEffects":true,"showParticleSystems":true,"showVisualEffectGraphs":true,"m_FxEnabled":true},"in2DMode":false,"pivot":{"x":363.8825378417969,"y":234.52406311035157,"z":0.2641792297363281},"rotation":{"x":-0.04529191181063652,"y":-0.009892108850181103,"z":0.0004492023726925254,"w":-0.9989253282546997},"size":211.98580932617188,"orthographic":false}