{"cameraMode":{"drawMode":0,"name":"Shaded","section":"Shading Mode"},"sceneLighting":true,"audioPlay":false,"sceneViewState":{"m_AlwaysRefresh":false,"showFog":true,"showSkybox":true,"showFlares":true,"showImageEffects":true,"showParticleSystems":true,"showVisualEffectGraphs":true,"m_FxEnabled":true},"in2DMode":false,"pivot":{"x":77.39998626708985,"y":-99.45060729980469,"z":94.1690673828125},"rotation":{"x":-0.08719170093536377,"y":0.012549471110105515,"z":-0.0010984651744365693,"w":-0.9961121082305908},"size":36.70256042480469,"orthographic":false}