{"cameraMode":{"drawMode":0,"name":"Shaded","section":"Shading Mode"},"sceneLighting":true,"audioPlay":false,"sceneViewState":{"m_AlwaysRefresh":false,"showFog":true,"showSkybox":true,"showFlares":true,"showImageEffects":true,"showParticleSystems":true,"showVisualEffectGraphs":true,"m_FxEnabled":true},"in2DMode":false,"pivot":{"x":389.70001220703127,"y":90.94000244140625,"z":381.79998779296877},"rotation":{"x":-0.18023847043514253,"y":-0.6531510949134827,"z":0.16421207785606385,"w":-0.7168985605239868},"size":30.133037567138673,"orthographic":false}